1,Carol,blandit nam nulla integer pede justo lacinia eget tincidunt eget tempus vel pede morbi,9/8/2014
2,Bonnie,lacinia eget tincidunt eget tempus vel pede morbi porttitor lorem id ligula suspendisse ornare consequat lectus in est risus auctor,10/7/2014
3,Jean,volutpat dui maecenas tristique est et tempus semper est quam pharetra magna ac consequat,11/10/2013
4,Norma,ipsum primis in faucibus orci luctus et ultrices posuere cubilia curae nulla dapibus dolor vel,8/14/2014
5,Nicole,nulla neque libero convallis eget eleifend luctus ultricies eu nibh quisque id justo sit amet sapien dignissim vestibulum,8/28/2014
6,Beverly,ac est lacinia nisi venenatis tristique fusce congue diam id ornare imperdiet sapien urna pretium nisl ut volutpat,12/10/2013
7,Margaret,vel accumsan tellus nisi eu orci mauris lacinia sapien quis libero nullam sit amet turpis elementum ligula vehicula,11/10/2013
8,Juan,mauris ullamcorper purus sit amet nulla quisque arcu libero rutrum ac lobortis,5/11/2014
9,Margaret,interdum in ante vestibulum ante ipsum primis in faucibus orci luctus et ultrices posuere,2/1/2014
10,Fred,nulla facilisi cras non velit nec nisi vulputate nonummy maecenas tincidunt lacus at velit vivamus vel nulla eget eros,3/3/2014
11,Elizabeth,a pede posuere nonummy integer non velit donec diam neque vestibulum eget vulputate ut ultrices vel augue vestibulum ante ipsum,4/27/2014
12,Douglas,neque aenean auctor gravida sem praesent id massa id nisl venenatis lacinia aenean sit amet justo morbi ut odio cras,9/29/2014
13,Jean,consequat dui nec nisi volutpat eleifend donec ut dolor morbi vel lectus in quam fringilla,4/10/2014
14,Ashley,luctus cum sociis natoque penatibus et magnis dis parturient montes nascetur ridiculus mus vivamus,5/23/2014
15,Jacqueline,velit vivamus vel nulla eget eros elementum pellentesque quisque porta volutpat erat quisque erat eros viverra,9/16/2014
16,Michelle,tellus nulla ut erat id mauris vulputate elementum nullam varius nulla facilisi cras non velit nec nisi vulputate nonummy,3/6/2014
17,Jacqueline,in libero ut massa volutpat convallis morbi odio odio elementum eu interdum,1/3/2014
18,Billy,in faucibus orci luctus et ultrices posuere cubilia curae duis faucibus accumsan,2/15/2014
19,Jeffrey,diam vitae quam suspendisse potenti nullam porttitor lacus at turpis donec posuere metus vitae ipsum aliquam non,12/20/2013
20,Michelle,turpis enim blandit mi in porttitor pede justo eu massa donec,11/3/2013
21,Nicole,molestie lorem quisque ut erat curabitur gravida nisi at nibh in hac habitasse platea dictumst aliquam augue quam,10/24/2013
22,Roy,eleifend donec ut dolor morbi vel lectus in quam fringilla,5/7/2014
23,Pamela,in magna bibendum imperdiet nullam orci pede venenatis non sodales sed,12/29/2013
24,Bonnie,elementum ligula vehicula consequat morbi a ipsum integer a nibh in quis justo maecenas rhoncus aliquam,10/25/2013
25,Angela,metus vitae ipsum aliquam non mauris morbi non lectus aliquam sit,8/6/2014
26,Anne,blandit nam nulla integer pede justo lacinia eget tincidunt eget tempus vel pede morbi porttitor lorem id ligula suspendisse ornare,7/4/2014
27,Marie,orci nullam molestie nibh in lectus pellentesque at nulla suspendisse potenti cras in purus eu magna vulputate luctus cum,10/23/2013
28,Kathleen,nulla suspendisse potenti cras in purus eu magna vulputate luctus cum sociis natoque penatibus,1/19/2014
29,Mark,consequat dui nec nisi volutpat eleifend donec ut dolor morbi vel lectus in,10/3/2014
30,Elizabeth,nisl duis bibendum felis sed interdum venenatis turpis enim blandit,8/29/2014
31,Andrea,at nibh in hac habitasse platea dictumst aliquam augue quam sollicitudin vitae consectetuer eget,1/16/2014
32,Kevin,imperdiet nullam orci pede venenatis non sodales sed tincidunt eu,8/9/2014
33,Billy,ut blandit non interdum in ante vestibulum ante ipsum primis in faucibus orci luctus et ultrices posuere cubilia curae duis,11/17/2013
34,Jeremy,consequat ut nulla sed accumsan felis ut at dolor quis odio consequat varius integer ac leo pellentesque ultrices,11/30/2013
35,Joe,blandit mi in porttitor pede justo eu massa donec dapibus duis at velit eu est,8/7/2014
36,Julia,vulputate luctus cum sociis natoque penatibus et magnis dis parturient,4/17/2014
37,Keith,lobortis convallis tortor risus dapibus augue vel accumsan tellus nisi eu orci mauris lacinia sapien quis,9/24/2014
38,Gary,proin interdum mauris non ligula pellentesque ultrices phasellus id sapien in sapien iaculis congue,12/6/2013
39,Kelly,quam nec dui luctus rutrum nulla tellus in sagittis dui vel nisl duis ac nibh,2/24/2014
40,Joseph,ac nulla sed vel enim sit amet nunc viverra dapibus nulla suscipit ligula in lacus,7/24/2014
41,Carlos,ligula sit amet eleifend pede libero quis orci nullam molestie nibh in,4/28/2014
42,Henry,pede malesuada in imperdiet et commodo vulputate justo in blandit,2/6/2014
43,Andrew,dui vel sem sed sagittis nam congue risus semper porta volutpat quam pede lobortis ligula sit,1/29/2014
44,Henry,venenatis non sodales sed tincidunt eu felis fusce posuere felis sed lacus morbi,5/16/2014
45,Charles,non lectus aliquam sit amet diam in magna bibendum imperdiet nullam orci pede,4/24/2014
46,Paul,donec pharetra magna vestibulum aliquet ultrices erat tortor sollicitudin mi sit amet,8/5/2014
47,Katherine,diam cras pellentesque volutpat dui maecenas tristique est et tempus semper,4/26/2014
48,Chris,venenatis lacinia aenean sit amet justo morbi ut odio cras mi pede malesuada in imperdiet et commodo vulputate,12/2/2013
49,Eugene,quis tortor id nulla ultrices aliquet maecenas leo odio condimentum id luctus nec,8/27/2014
50,Harry,pede posuere nonummy integer non velit donec diam neque vestibulum eget vulputate,11/4/2013
51,Rachel,nisi vulputate nonummy maecenas tincidunt lacus at velit vivamus vel nulla eget eros,2/5/2014
52,Phyllis,morbi porttitor lorem id ligula suspendisse ornare consequat lectus in,4/29/2014
53,Daniel,erat id mauris vulputate elementum nullam varius nulla facilisi cras non velit nec nisi vulputate nonummy maecenas,5/25/2014
54,Cheryl,adipiscing elit proin risus praesent lectus vestibulum quam sapien varius ut blandit non interdum in ante vestibulum ante ipsum,6/28/2014
55,Kathryn,aliquet massa id lobortis convallis tortor risus dapibus augue vel accumsan tellus nisi eu orci,2/9/2014
56,Roger,aenean sit amet justo morbi ut odio cras mi pede,10/11/2013
57,Denise,dis parturient montes nascetur ridiculus mus vivamus vestibulum sagittis sapien cum sociis natoque penatibus et magnis dis parturient montes,3/13/2014
58,Irene,purus sit amet nulla quisque arcu libero rutrum ac lobortis vel,10/18/2013
59,Juan,metus aenean fermentum donec ut mauris eget massa tempor convallis nulla neque libero convallis,2/4/2014
60,Christopher,ut blandit non interdum in ante vestibulum ante ipsum primis in faucibus orci luctus et,3/3/2014
61,Sean,nisl duis ac nibh fusce lacus purus aliquet at feugiat non,1/26/2014
62,Kathleen,curabitur gravida nisi at nibh in hac habitasse platea dictumst aliquam augue,9/4/2014
63,Harry,quis odio consequat varius integer ac leo pellentesque ultrices mattis,6/18/2014
64,Fred,blandit non interdum in ante vestibulum ante ipsum primis in faucibus orci,5/22/2014
65,Arthur,morbi porttitor lorem id ligula suspendisse ornare consequat lectus in est,9/1/2014
66,Justin,semper est quam pharetra magna ac consequat metus sapien ut nunc vestibulum ante ipsum primis in faucibus,12/30/2013
67,Christopher,hac habitasse platea dictumst etiam faucibus cursus urna ut tellus nulla ut erat id mauris vulputate,3/30/2014
68,Patrick,suscipit nulla elit ac nulla sed vel enim sit amet nunc viverra dapibus nulla suscipit ligula,6/20/2014
69,Thomas,vestibulum eget vulputate ut ultrices vel augue vestibulum ante ipsum primis in faucibus orci luctus et,6/15/2014
70,Roy,congue elementum in hac habitasse platea dictumst morbi vestibulum velit id pretium iaculis diam,5/18/2014
71,Todd,vestibulum velit id pretium iaculis diam erat fermentum justo nec condimentum neque sapien placerat ante nulla justo aliquam quis turpis,10/14/2013
72,Roy,praesent lectus vestibulum quam sapien varius ut blandit non interdum in ante,4/29/2014
73,Charles,accumsan felis ut at dolor quis odio consequat varius integer ac leo pellentesque ultrices mattis,9/26/2014
74,Brenda,lobortis ligula sit amet eleifend pede libero quis orci nullam molestie nibh in lectus pellentesque at nulla suspendisse potenti cras,1/2/2014
75,Gregory,eget nunc donec quis orci eget orci vehicula condimentum curabitur in libero ut,10/26/2013
76,Deborah,nunc purus phasellus in felis donec semper sapien a libero nam dui proin leo odio porttitor,10/18/2014
77,Amy,ac neque duis bibendum morbi non quam nec dui luctus rutrum nulla tellus in sagittis dui vel,1/12/2014
78,Jimmy,volutpat convallis morbi odio odio elementum eu interdum eu tincidunt in leo maecenas pulvinar lobortis est,10/12/2013
79,Theresa,risus praesent lectus vestibulum quam sapien varius ut blandit non interdum in ante vestibulum ante ipsum primis in faucibus orci,11/5/2013
80,Harry,ut massa quis augue luctus tincidunt nulla mollis molestie lorem quisque ut erat,10/3/2014
81,Karen,erat nulla tempus vivamus in felis eu sapien cursus vestibulum proin eu mi nulla ac enim,8/1/2014
82,Jimmy,pellentesque ultrices mattis odio donec vitae nisi nam ultrices libero non mattis pulvinar nulla pede ullamcorper augue a suscipit nulla,10/15/2014
83,Frances,ante vestibulum ante ipsum primis in faucibus orci luctus et ultrices posuere cubilia curae duis faucibus accumsan odio,7/17/2014
84,Irene,ligula pellentesque ultrices phasellus id sapien in sapien iaculis congue vivamus metus arcu adipiscing molestie,3/10/2014
85,Earl,blandit nam nulla integer pede justo lacinia eget tincidunt eget tempus,4/23/2014
86,James,massa volutpat convallis morbi odio odio elementum eu interdum eu,7/3/2014
87,Justin,nulla quisque arcu libero rutrum ac lobortis vel dapibus at diam,6/5/2014
88,Catherine,porttitor id consequat in consequat ut nulla sed accumsan felis ut at dolor quis odio consequat,10/9/2013
89,Keith,vel enim sit amet nunc viverra dapibus nulla suscipit ligula in lacus curabitur at ipsum ac tellus semper,4/26/2014
90,Bobby,lectus suspendisse potenti in eleifend quam a odio in hac habitasse platea dictumst maecenas ut massa quis augue luctus tincidunt,3/19/2014
91,Raymond,quisque id justo sit amet sapien dignissim vestibulum vestibulum ante ipsum primis in,4/6/2014
92,Willie,diam erat fermentum justo nec condimentum neque sapien placerat ante nulla justo aliquam quis turpis eget,5/11/2014
93,Alice,justo in blandit ultrices enim lorem ipsum dolor sit amet consectetuer adipiscing elit proin interdum mauris non ligula pellentesque ultrices,9/13/2014
94,Wayne,id ornare imperdiet sapien urna pretium nisl ut volutpat sapien,4/16/2014
95,Kelly,orci luctus et ultrices posuere cubilia curae mauris viverra diam vitae quam suspendisse potenti,7/26/2014
96,Pamela,platea dictumst morbi vestibulum velit id pretium iaculis diam erat fermentum justo nec condimentum neque sapien placerat,1/13/2014
97,Phillip,purus aliquet at feugiat non pretium quis lectus suspendisse potenti in eleifend quam a odio in hac habitasse,12/30/2013
98,Christine,faucibus orci luctus et ultrices posuere cubilia curae donec pharetra magna vestibulum aliquet ultrices erat tortor sollicitudin,10/19/2014
99,Ruth,parturient montes nascetur ridiculus mus etiam vel augue vestibulum rutrum rutrum neque aenean auctor gravida sem praesent,1/30/2014
100,Catherine,nisi nam ultrices libero non mattis pulvinar nulla pede ullamcorper augue a suscipit nulla elit ac nulla sed vel enim,9/27/2014
101,Martha,erat quisque erat eros viverra eget congue eget semper rutrum nulla nunc purus,11/30/2013
102,Julia,sapien urna pretium nisl ut volutpat sapien arcu sed augue aliquam erat volutpat in congue etiam,8/31/2014
103,Jerry,diam vitae quam suspendisse potenti nullam porttitor lacus at turpis donec posuere metus vitae ipsum aliquam non,2/17/2014
104,Clarence,vel est donec odio justo sollicitudin ut suscipit a feugiat et eros vestibulum ac est lacinia nisi,10/11/2014
105,Phillip,viverra eget congue eget semper rutrum nulla nunc purus phasellus in felis donec semper sapien a libero nam dui,4/14/2014
106,Christine,nec nisi volutpat eleifend donec ut dolor morbi vel lectus in quam fringilla rhoncus mauris enim leo,3/18/2014
107,Roger,ultricies eu nibh quisque id justo sit amet sapien dignissim vestibulum vestibulum ante ipsum,7/26/2014
108,Kelly,est quam pharetra magna ac consequat metus sapien ut nunc vestibulum ante ipsum primis in faucibus orci luctus et ultrices,5/2/2014
109,Gloria,augue vestibulum ante ipsum primis in faucibus orci luctus et ultrices posuere cubilia curae donec,4/8/2014
110,Robin,non mi integer ac neque duis bibendum morbi non quam nec,8/11/2014
111,Jason,a pede posuere nonummy integer non velit donec diam neque vestibulum,9/4/2014
112,Melissa,ipsum praesent blandit lacinia erat vestibulum sed magna at nunc commodo placerat praesent blandit nam,12/24/2013
113,Robert,lacinia aenean sit amet justo morbi ut odio cras mi pede malesuada,6/25/2014
114,Phyllis,maecenas leo odio condimentum id luctus nec molestie sed justo pellentesque viverra pede ac,7/25/2014
115,Kelly,commodo placerat praesent blandit nam nulla integer pede justo lacinia eget tincidunt eget tempus,5/12/2014
116,Paul,tortor sollicitudin mi sit amet lobortis sapien sapien non mi integer ac neque duis bibendum morbi,7/12/2014
117,Sarah,duis consequat dui nec nisi volutpat eleifend donec ut dolor morbi vel lectus in quam fringilla rhoncus mauris enim,6/5/2014
118,Ruth,ultrices posuere cubilia curae nulla dapibus dolor vel est donec odio,5/30/2014
119,Carlos,leo odio condimentum id luctus nec molestie sed justo pellentesque viverra pede ac diam cras,3/1/2014
120,Melissa,elementum pellentesque quisque porta volutpat erat quisque erat eros viverra eget congue,12/27/2013
121,Tammy,egestas metus aenean fermentum donec ut mauris eget massa tempor convallis nulla neque libero convallis eget eleifend,11/28/2013
122,Phillip,est risus auctor sed tristique in tempus sit amet sem fusce consequat nulla nisl nunc nisl duis bibendum felis sed,8/8/2014
123,Russell,justo sollicitudin ut suscipit a feugiat et eros vestibulum ac est lacinia nisi venenatis tristique,1/30/2014
124,Sara,fermentum justo nec condimentum neque sapien placerat ante nulla justo aliquam quis turpis eget elit sodales,8/28/2014
125,Earl,blandit ultrices enim lorem ipsum dolor sit amet consectetuer adipiscing elit proin interdum mauris non ligula pellentesque ultrices phasellus,2/8/2014
126,Anne,sed nisl nunc rhoncus dui vel sem sed sagittis nam congue risus semper porta volutpat quam pede lobortis ligula,9/27/2014
127,Donald,pellentesque ultrices phasellus id sapien in sapien iaculis congue vivamus,8/4/2014
128,Ashley,diam neque vestibulum eget vulputate ut ultrices vel augue vestibulum,3/26/2014
129,Ernest,nunc vestibulum ante ipsum primis in faucibus orci luctus et ultrices posuere,12/15/2013
130,Catherine,donec ut dolor morbi vel lectus in quam fringilla rhoncus mauris enim leo,3/24/2014
131,Annie,in libero ut massa volutpat convallis morbi odio odio elementum eu interdum eu tincidunt in leo maecenas,2/8/2014
132,Aaron,in lectus pellentesque at nulla suspendisse potenti cras in purus eu magna vulputate luctus cum sociis,2/21/2014
133,Kathy,erat curabitur gravida nisi at nibh in hac habitasse platea dictumst aliquam,4/30/2014
134,Kathleen,turpis integer aliquet massa id lobortis convallis tortor risus dapibus augue vel accumsan tellus nisi eu orci mauris lacinia sapien,3/23/2014
135,Sharon,elementum eu interdum eu tincidunt in leo maecenas pulvinar lobortis,4/3/2014
136,Patrick,luctus tincidunt nulla mollis molestie lorem quisque ut erat curabitur gravida nisi at nibh in hac habitasse platea,3/25/2014
137,Jimmy,eget nunc donec quis orci eget orci vehicula condimentum curabitur in libero ut massa volutpat convallis morbi odio odio,9/12/2014
138,Mark,montes nascetur ridiculus mus etiam vel augue vestibulum rutrum rutrum neque aenean auctor gravida sem praesent,2/10/2014
139,Jeffrey,parturient montes nascetur ridiculus mus etiam vel augue vestibulum rutrum rutrum neque aenean auctor gravida sem praesent id massa id,8/14/2014
140,Nancy,in tempor turpis nec euismod scelerisque quam turpis adipiscing lorem vitae mattis nibh ligula nec sem duis,9/8/2014
141,Virginia,morbi sem mauris laoreet ut rhoncus aliquet pulvinar sed nisl nunc rhoncus dui vel sem sed sagittis nam,5/14/2014
142,Lisa,in faucibus orci luctus et ultrices posuere cubilia curae mauris viverra diam vitae quam suspendisse potenti nullam,12/9/2013
143,Jeffrey,id massa id nisl venenatis lacinia aenean sit amet justo morbi ut odio cras,12/13/2013
144,Rose,mauris lacinia sapien quis libero nullam sit amet turpis elementum ligula vehicula consequat morbi,5/16/2014
145,Willie,pretium quis lectus suspendisse potenti in eleifend quam a odio in hac habitasse,1/23/2014
146,Stephen,felis sed lacus morbi sem mauris laoreet ut rhoncus aliquet pulvinar sed nisl nunc rhoncus,9/30/2014
147,Donald,sit amet consectetuer adipiscing elit proin interdum mauris non ligula pellentesque ultrices phasellus id sapien,9/4/2014
148,Paula,fermentum justo nec condimentum neque sapien placerat ante nulla justo,9/14/2014
149,Peter,magna vulputate luctus cum sociis natoque penatibus et magnis dis parturient montes nascetur ridiculus mus vivamus vestibulum sagittis sapien cum,9/18/2014
150,Patricia,nulla tempus vivamus in felis eu sapien cursus vestibulum proin eu mi nulla ac enim in tempor turpis,3/29/2014
151,Bonnie,sapien in sapien iaculis congue vivamus metus arcu adipiscing molestie hendrerit at vulputate vitae nisl,7/19/2014
152,Gregory,penatibus et magnis dis parturient montes nascetur ridiculus mus etiam vel,11/8/2013
153,Norma,tortor quis turpis sed ante vivamus tortor duis mattis egestas metus aenean fermentum donec,7/16/2014
154,Linda,praesent blandit nam nulla integer pede justo lacinia eget tincidunt,6/27/2014
155,Jason,vivamus in felis eu sapien cursus vestibulum proin eu mi nulla,4/10/2014
156,Adam,dictumst maecenas ut massa quis augue luctus tincidunt nulla mollis molestie lorem quisque ut erat curabitur,2/26/2014
157,Roy,id massa id nisl venenatis lacinia aenean sit amet justo morbi ut odio cras mi pede,4/29/2014
158,Keith,enim lorem ipsum dolor sit amet consectetuer adipiscing elit proin interdum mauris non ligula pellentesque ultrices phasellus id sapien,3/11/2014
159,Joe,amet consectetuer adipiscing elit proin risus praesent lectus vestibulum quam,11/10/2013
160,Phillip,habitasse platea dictumst etiam faucibus cursus urna ut tellus nulla ut erat id mauris vulputate elementum nullam varius nulla,11/9/2013
161,Paula,non lectus aliquam sit amet diam in magna bibendum imperdiet nullam orci pede venenatis non sodales sed tincidunt eu felis,2/5/2014
162,Patrick,vitae ipsum aliquam non mauris morbi non lectus aliquam sit amet diam in magna bibendum,2/9/2014
163,Barbara,ridiculus mus vivamus vestibulum sagittis sapien cum sociis natoque penatibus et magnis,5/14/2014
164,Brian,amet consectetuer adipiscing elit proin interdum mauris non ligula pellentesque ultrices phasellus,10/7/2013
165,Barbara,et ultrices posuere cubilia curae duis faucibus accumsan odio curabitur convallis duis consequat dui nec nisi volutpat eleifend donec ut,2/7/2014
166,Steven,nulla quisque arcu libero rutrum ac lobortis vel dapibus at,2/10/2014
167,Irene,dui maecenas tristique est et tempus semper est quam pharetra magna ac consequat metus sapien ut nunc vestibulum ante ipsum,4/24/2014
168,Jose,porttitor lorem id ligula suspendisse ornare consequat lectus in est risus auctor,6/22/2014
169,Benjamin,facilisi cras non velit nec nisi vulputate nonummy maecenas tincidunt lacus at velit vivamus vel nulla eget eros elementum pellentesque,1/16/2014
170,Nicole,sodales scelerisque mauris sit amet eros suspendisse accumsan tortor quis turpis sed ante vivamus tortor duis mattis egestas metus aenean,3/24/2014
171,Douglas,sit amet erat nulla tempus vivamus in felis eu sapien cursus,11/23/2013
172,Nancy,nunc donec quis orci eget orci vehicula condimentum curabitur in libero ut,4/1/2014
173,Shirley,ligula sit amet eleifend pede libero quis orci nullam molestie nibh in lectus pellentesque at,10/1/2013
174,Donna,enim sit amet nunc viverra dapibus nulla suscipit ligula in lacus curabitur,4/25/2014
175,Jeffrey,justo nec condimentum neque sapien placerat ante nulla justo aliquam quis turpis,6/15/2014
176,Henry,sapien cum sociis natoque penatibus et magnis dis parturient montes,9/27/2014
177,Sharon,convallis tortor risus dapibus augue vel accumsan tellus nisi eu orci mauris lacinia sapien,6/15/2014
178,Maria,orci eget orci vehicula condimentum curabitur in libero ut massa volutpat convallis morbi odio odio elementum,5/31/2014
179,Howard,vel lectus in quam fringilla rhoncus mauris enim leo rhoncus sed vestibulum sit amet,4/28/2014
180,Frances,volutpat dui maecenas tristique est et tempus semper est quam pharetra magna ac consequat metus,10/24/2013
181,Nicole,pede justo lacinia eget tincidunt eget tempus vel pede morbi porttitor lorem id ligula,7/26/2014
182,Philip,in tempus sit amet sem fusce consequat nulla nisl nunc nisl duis bibendum felis sed interdum venenatis,1/7/2014
183,Angela,justo in blandit ultrices enim lorem ipsum dolor sit amet,8/28/2014
184,Jessica,consectetuer adipiscing elit proin risus praesent lectus vestibulum quam sapien varius ut blandit non,1/2/2014
185,Howard,porta volutpat quam pede lobortis ligula sit amet eleifend pede libero quis orci nullam molestie,2/3/2014
186,Annie,in faucibus orci luctus et ultrices posuere cubilia curae nulla,10/8/2013
187,Michael,sed vestibulum sit amet cursus id turpis integer aliquet massa id lobortis convallis tortor risus,6/20/2014
188,Harry,et tempus semper est quam pharetra magna ac consequat metus sapien ut nunc vestibulum ante ipsum primis in,7/4/2014
189,Frances,fermentum justo nec condimentum neque sapien placerat ante nulla justo aliquam quis turpis eget elit sodales scelerisque mauris sit amet,1/18/2014
190,Albert,in consequat ut nulla sed accumsan felis ut at dolor quis,1/16/2014
191,Jonathan,magnis dis parturient montes nascetur ridiculus mus vivamus vestibulum sagittis sapien cum sociis natoque penatibus et magnis dis,7/4/2014
192,Pamela,massa tempor convallis nulla neque libero convallis eget eleifend luctus ultricies eu nibh quisque id justo,10/8/2013
193,Rose,in porttitor pede justo eu massa donec dapibus duis at velit eu est congue elementum in,1/28/2014
194,Michael,quam nec dui luctus rutrum nulla tellus in sagittis dui vel nisl duis ac nibh fusce lacus purus,5/30/2014
195,Gary,odio cras mi pede malesuada in imperdiet et commodo vulputate justo in blandit,1/22/2014
196,Keith,ante nulla justo aliquam quis turpis eget elit sodales scelerisque mauris sit amet eros suspendisse accumsan tortor quis,6/17/2014
197,Diana,leo rhoncus sed vestibulum sit amet cursus id turpis integer aliquet massa id lobortis,10/17/2013
198,Stephanie,pretium iaculis justo in hac habitasse platea dictumst etiam faucibus cursus urna ut tellus nulla ut,9/25/2014
199,Theresa,et ultrices posuere cubilia curae duis faucibus accumsan odio curabitur convallis duis consequat dui nec nisi,9/24/2014
200,Jean,quis tortor id nulla ultrices aliquet maecenas leo odio condimentum id luctus nec molestie sed,4/1/2014
201,Angela,orci vehicula condimentum curabitur in libero ut massa volutpat convallis morbi odio odio elementum eu interdum eu tincidunt in,7/7/2014
202,Diane,in quis justo maecenas rhoncus aliquam lacus morbi quis tortor id nulla ultrices aliquet maecenas leo odio condimentum,12/2/2013
203,David,vestibulum quam sapien varius ut blandit non interdum in ante,6/2/2014
204,Catherine,penatibus et magnis dis parturient montes nascetur ridiculus mus vivamus vestibulum sagittis sapien cum sociis natoque penatibus et magnis dis,8/16/2014
205,Lois,quisque erat eros viverra eget congue eget semper rutrum nulla nunc purus phasellus in felis,2/12/2014
206,Cheryl,curabitur gravida nisi at nibh in hac habitasse platea dictumst aliquam augue quam sollicitudin vitae consectetuer eget rutrum,10/7/2014
207,Katherine,risus auctor sed tristique in tempus sit amet sem fusce consequat nulla,3/31/2014
208,Lois,congue elementum in hac habitasse platea dictumst morbi vestibulum velit id pretium iaculis diam erat fermentum,3/8/2014
209,Clarence,quam nec dui luctus rutrum nulla tellus in sagittis dui vel,7/16/2014
210,Anne,tempus semper est quam pharetra magna ac consequat metus sapien ut nunc,11/5/2013
211,Raymond,tincidunt eget tempus vel pede morbi porttitor lorem id ligula suspendisse,2/4/2014
212,Ralph,ante nulla justo aliquam quis turpis eget elit sodales scelerisque mauris sit amet eros,5/18/2014
213,Kathleen,in imperdiet et commodo vulputate justo in blandit ultrices enim lorem ipsum dolor sit amet consectetuer adipiscing elit,9/9/2014
214,Edward,magna vestibulum aliquet ultrices erat tortor sollicitudin mi sit amet lobortis sapien,11/7/2013
215,Patricia,dapibus nulla suscipit ligula in lacus curabitur at ipsum ac tellus semper interdum mauris ullamcorper purus sit,3/22/2014
216,Judith,pulvinar nulla pede ullamcorper augue a suscipit nulla elit ac nulla sed vel enim,9/19/2014
217,George,vel sem sed sagittis nam congue risus semper porta volutpat quam,6/27/2014
218,Cynthia,vel sem sed sagittis nam congue risus semper porta volutpat quam pede lobortis ligula sit amet eleifend pede libero quis,9/15/2014
219,Ronald,blandit nam nulla integer pede justo lacinia eget tincidunt eget,1/7/2014
220,Terry,nec euismod scelerisque quam turpis adipiscing lorem vitae mattis nibh ligula nec sem duis,1/24/2014
221,Jean,duis bibendum felis sed interdum venenatis turpis enim blandit mi in porttitor pede justo eu massa donec,8/31/2014
222,Dorothy,nullam sit amet turpis elementum ligula vehicula consequat morbi a ipsum integer a nibh in quis justo,7/20/2014
223,Kathy,eget rutrum at lorem integer tincidunt ante vel ipsum praesent blandit lacinia erat vestibulum sed magna at,6/23/2014
224,Evelyn,molestie hendrerit at vulputate vitae nisl aenean lectus pellentesque eget nunc donec quis orci eget orci,6/16/2014
225,Gregory,fusce congue diam id ornare imperdiet sapien urna pretium nisl ut volutpat sapien arcu sed augue aliquam erat,11/27/2013
226,Kathleen,cursus vestibulum proin eu mi nulla ac enim in tempor,6/29/2014
227,Mary,orci luctus et ultrices posuere cubilia curae nulla dapibus dolor vel est donec,1/27/2014
228,Joan,nullam varius nulla facilisi cras non velit nec nisi vulputate nonummy maecenas,8/4/2014
229,Louise,nullam molestie nibh in lectus pellentesque at nulla suspendisse potenti cras in,10/21/2013
230,Brian,id luctus nec molestie sed justo pellentesque viverra pede ac diam cras pellentesque volutpat dui maecenas tristique,10/11/2014
231,Edward,curae mauris viverra diam vitae quam suspendisse potenti nullam porttitor lacus at turpis donec posuere metus,4/6/2014
232,Keith,nunc proin at turpis a pede posuere nonummy integer non velit donec diam neque vestibulum eget vulputate ut ultrices vel,11/15/2013
233,Phillip,tincidunt lacus at velit vivamus vel nulla eget eros elementum pellentesque quisque porta volutpat erat quisque erat eros viverra,8/29/2014
234,Marilyn,nulla ultrices aliquet maecenas leo odio condimentum id luctus nec molestie sed justo pellentesque viverra,6/10/2014
235,Philip,odio consequat varius integer ac leo pellentesque ultrices mattis odio donec vitae nisi nam,9/10/2014
236,Lois,vestibulum quam sapien varius ut blandit non interdum in ante,4/16/2014
237,Gloria,lorem ipsum dolor sit amet consectetuer adipiscing elit proin risus praesent lectus vestibulum quam sapien varius ut blandit non interdum,1/14/2014
238,Joe,dolor quis odio consequat varius integer ac leo pellentesque ultrices mattis odio donec vitae nisi nam ultrices libero,5/26/2014
239,Angela,ultrices posuere cubilia curae nulla dapibus dolor vel est donec,10/2/2014
240,Albert,duis bibendum morbi non quam nec dui luctus rutrum nulla tellus in sagittis dui vel nisl duis ac,5/12/2014
241,Diane,cras non velit nec nisi vulputate nonummy maecenas tincidunt lacus at velit vivamus vel nulla eget eros elementum pellentesque,6/1/2014
242,Jennifer,morbi a ipsum integer a nibh in quis justo maecenas rhoncus aliquam lacus morbi quis tortor id nulla ultrices,5/18/2014
243,Bruce,parturient montes nascetur ridiculus mus vivamus vestibulum sagittis sapien cum sociis natoque penatibus et magnis,9/27/2014
244,Louise,posuere cubilia curae donec pharetra magna vestibulum aliquet ultrices erat tortor,1/21/2014
245,Julie,in hac habitasse platea dictumst maecenas ut massa quis augue luctus tincidunt nulla mollis molestie lorem,8/25/2014
246,Todd,tincidunt eget tempus vel pede morbi porttitor lorem id ligula suspendisse ornare consequat lectus in est risus auctor sed tristique,3/18/2014
247,Donna,cubilia curae nulla dapibus dolor vel est donec odio justo sollicitudin ut suscipit a feugiat et eros vestibulum,10/17/2013
248,James,consequat nulla nisl nunc nisl duis bibendum felis sed interdum venenatis turpis enim,6/10/2014
249,Sara,at feugiat non pretium quis lectus suspendisse potenti in eleifend,9/30/2014
250,Alice,semper sapien a libero nam dui proin leo odio porttitor id consequat in,9/6/2014
251,Theresa,ante ipsum primis in faucibus orci luctus et ultrices posuere cubilia curae mauris viverra diam vitae quam suspendisse,10/19/2014
252,Kathleen,nam ultrices libero non mattis pulvinar nulla pede ullamcorper augue a suscipit nulla elit ac nulla sed vel enim sit,4/19/2014
253,Diane,curae nulla dapibus dolor vel est donec odio justo sollicitudin ut suscipit a feugiat et eros vestibulum,7/14/2014
254,William,justo etiam pretium iaculis justo in hac habitasse platea dictumst etiam faucibus cursus,6/7/2014
255,Scott,odio porttitor id consequat in consequat ut nulla sed accumsan felis,4/12/2014
256,Lisa,eros viverra eget congue eget semper rutrum nulla nunc purus phasellus in felis donec semper,11/2/2013
257,Albert,ultrices posuere cubilia curae duis faucibus accumsan odio curabitur convallis duis consequat dui nec nisi volutpat eleifend donec ut,2/8/2014
258,Mark,nunc viverra dapibus nulla suscipit ligula in lacus curabitur at ipsum ac,12/23/2013
259,Henry,erat tortor sollicitudin mi sit amet lobortis sapien sapien non mi integer,10/6/2013
260,Marie,vulputate ut ultrices vel augue vestibulum ante ipsum primis in faucibus orci luctus et ultrices posuere cubilia curae donec,10/21/2013
261,Virginia,id consequat in consequat ut nulla sed accumsan felis ut at dolor quis odio consequat varius integer ac leo,7/26/2014
262,Amy,est lacinia nisi venenatis tristique fusce congue diam id ornare imperdiet sapien urna pretium nisl ut volutpat sapien,8/10/2014
263,Albert,rutrum ac lobortis vel dapibus at diam nam tristique tortor eu pede,6/2/2014
264,Scott,ante ipsum primis in faucibus orci luctus et ultrices posuere cubilia curae donec,11/26/2013
265,Lois,fusce consequat nulla nisl nunc nisl duis bibendum felis sed interdum,11/22/2013
266,Kevin,curae mauris viverra diam vitae quam suspendisse potenti nullam porttitor lacus,5/13/2014
267,Ann,eget massa tempor convallis nulla neque libero convallis eget eleifend luctus ultricies eu nibh quisque id justo sit amet sapien,9/10/2014
268,Charles,nullam sit amet turpis elementum ligula vehicula consequat morbi a ipsum integer a,5/25/2014
269,Debra,donec posuere metus vitae ipsum aliquam non mauris morbi non lectus aliquam sit,4/19/2014
270,Nancy,mauris enim leo rhoncus sed vestibulum sit amet cursus id turpis integer aliquet massa id lobortis,9/26/2014
271,Martha,sagittis dui vel nisl duis ac nibh fusce lacus purus aliquet at,4/15/2014
272,Robin,elit sodales scelerisque mauris sit amet eros suspendisse accumsan tortor quis turpis sed ante vivamus tortor duis mattis egestas metus,7/4/2014
273,Jerry,feugiat et eros vestibulum ac est lacinia nisi venenatis tristique fusce congue diam id ornare imperdiet sapien urna,11/9/2013
274,Sharon,ultrices mattis odio donec vitae nisi nam ultrices libero non mattis pulvinar nulla pede ullamcorper augue a suscipit nulla elit,2/3/2014
275,Christina,consectetuer adipiscing elit proin risus praesent lectus vestibulum quam sapien varius ut blandit non interdum in ante vestibulum ante ipsum,2/23/2014
276,Joyce,hac habitasse platea dictumst etiam faucibus cursus urna ut tellus nulla ut erat id mauris vulputate elementum nullam,2/21/2014
277,Lawrence,at velit vivamus vel nulla eget eros elementum pellentesque quisque,6/26/2014
278,Jose,accumsan felis ut at dolor quis odio consequat varius integer ac leo pellentesque,2/24/2014
279,Earl,arcu sed augue aliquam erat volutpat in congue etiam justo etiam pretium iaculis justo in hac habitasse platea dictumst,2/18/2014
280,Catherine,integer tincidunt ante vel ipsum praesent blandit lacinia erat vestibulum sed magna at,4/26/2014
281,Gregory,vel nisl duis ac nibh fusce lacus purus aliquet at feugiat non pretium quis lectus suspendisse,11/26/2013
282,Bruce,id turpis integer aliquet massa id lobortis convallis tortor risus dapibus augue vel accumsan,10/17/2014
283,Brandon,proin interdum mauris non ligula pellentesque ultrices phasellus id sapien in sapien iaculis congue vivamus,8/9/2014
284,Louise,ut volutpat sapien arcu sed augue aliquam erat volutpat in congue etiam justo etiam pretium iaculis justo in,1/13/2014
285,Susan,rhoncus sed vestibulum sit amet cursus id turpis integer aliquet massa id lobortis convallis tortor risus dapibus augue vel accumsan,7/12/2014
286,Craig,pulvinar nulla pede ullamcorper augue a suscipit nulla elit ac nulla sed vel,12/10/2013
287,Rebecca,aliquet at feugiat non pretium quis lectus suspendisse potenti in eleifend quam,11/30/2013
288,Donald,nulla integer pede justo lacinia eget tincidunt eget tempus vel pede morbi porttitor lorem id ligula suspendisse,4/23/2014
289,Brandon,ipsum primis in faucibus orci luctus et ultrices posuere cubilia curae duis faucibus accumsan odio curabitur convallis duis,10/20/2014
290,Douglas,odio elementum eu interdum eu tincidunt in leo maecenas pulvinar lobortis est phasellus sit amet erat nulla tempus,10/16/2014
291,Judy,bibendum imperdiet nullam orci pede venenatis non sodales sed tincidunt eu felis fusce posuere felis sed lacus morbi sem mauris,3/29/2014
292,Harry,nulla ultrices aliquet maecenas leo odio condimentum id luctus nec molestie sed justo pellentesque viverra pede,11/28/2013
293,Alan,sit amet sem fusce consequat nulla nisl nunc nisl duis bibendum felis,2/20/2014
294,Frank,habitasse platea dictumst etiam faucibus cursus urna ut tellus nulla ut erat id mauris,2/2/2014
295,Shawn,felis fusce posuere felis sed lacus morbi sem mauris laoreet ut rhoncus aliquet pulvinar sed nisl,8/17/2014
296,Bruce,magnis dis parturient montes nascetur ridiculus mus etiam vel augue vestibulum rutrum rutrum neque aenean auctor,8/14/2014
297,Margaret,sit amet nulla quisque arcu libero rutrum ac lobortis vel dapibus at diam nam tristique tortor eu pede,9/14/2014
298,Donald,varius integer ac leo pellentesque ultrices mattis odio donec vitae nisi nam ultrices libero non mattis pulvinar,6/14/2014
299,Teresa,sem fusce consequat nulla nisl nunc nisl duis bibendum felis sed interdum venenatis turpis enim blandit mi in,3/12/2014
300,Martin,mauris laoreet ut rhoncus aliquet pulvinar sed nisl nunc rhoncus dui vel sem sed sagittis nam congue risus semper,7/11/2014
301,Daniel,integer ac neque duis bibendum morbi non quam nec dui luctus rutrum,8/8/2014
302,Scott,congue elementum in hac habitasse platea dictumst morbi vestibulum velit id,12/4/2013
303,Sara,sed augue aliquam erat volutpat in congue etiam justo etiam pretium iaculis justo in hac habitasse platea dictumst etiam faucibus,10/7/2013
304,Jimmy,porttitor pede justo eu massa donec dapibus duis at velit,12/14/2013
305,Jeffrey,leo pellentesque ultrices mattis odio donec vitae nisi nam ultrices libero,6/3/2014
306,Theresa,orci luctus et ultrices posuere cubilia curae mauris viverra diam vitae,10/8/2014
307,Jessica,vestibulum rutrum rutrum neque aenean auctor gravida sem praesent id massa,5/6/2014
308,Johnny,urna pretium nisl ut volutpat sapien arcu sed augue aliquam erat volutpat in congue etiam justo etiam,1/19/2014
309,Gloria,magna at nunc commodo placerat praesent blandit nam nulla integer pede,8/16/2014
310,Wayne,tellus in sagittis dui vel nisl duis ac nibh fusce lacus purus aliquet at feugiat,9/5/2014
311,Keith,quam fringilla rhoncus mauris enim leo rhoncus sed vestibulum sit amet cursus id turpis integer aliquet massa id,12/25/2013
312,Phillip,eget tincidunt eget tempus vel pede morbi porttitor lorem id ligula suspendisse,8/22/2014
313,Peter,penatibus et magnis dis parturient montes nascetur ridiculus mus etiam vel augue vestibulum rutrum rutrum,7/19/2014
314,David,in sapien iaculis congue vivamus metus arcu adipiscing molestie hendrerit,1/21/2014
315,Anthony,cubilia curae donec pharetra magna vestibulum aliquet ultrices erat tortor sollicitudin,5/10/2014
316,Dorothy,sagittis sapien cum sociis natoque penatibus et magnis dis parturient montes nascetur ridiculus mus etiam vel augue vestibulum rutrum rutrum,3/30/2014
317,Emily,congue risus semper porta volutpat quam pede lobortis ligula sit amet eleifend pede libero quis,1/16/2014
318,Raymond,mi nulla ac enim in tempor turpis nec euismod scelerisque quam turpis adipiscing lorem vitae mattis,5/21/2014
319,Marilyn,posuere cubilia curae duis faucibus accumsan odio curabitur convallis duis consequat,10/21/2013
320,Emily,ultrices posuere cubilia curae nulla dapibus dolor vel est donec odio,9/16/2014
321,Todd,turpis elementum ligula vehicula consequat morbi a ipsum integer a nibh in,11/5/2013
322,Robert,pellentesque ultrices mattis odio donec vitae nisi nam ultrices libero non mattis pulvinar nulla pede,9/19/2014
323,Linda,libero quis orci nullam molestie nibh in lectus pellentesque at nulla suspendisse potenti cras in purus eu magna vulputate,9/11/2014
324,Nicholas,mi integer ac neque duis bibendum morbi non quam nec,5/31/2014
325,Pamela,luctus et ultrices posuere cubilia curae mauris viverra diam vitae quam suspendisse,10/18/2013
326,Tina,interdum mauris ullamcorper purus sit amet nulla quisque arcu libero rutrum ac lobortis vel dapibus at diam nam tristique,6/17/2014
327,Ralph,in ante vestibulum ante ipsum primis in faucibus orci luctus,10/2/2013
328,Amy,nisl nunc rhoncus dui vel sem sed sagittis nam congue,3/16/2014
329,Carolyn,tincidunt ante vel ipsum praesent blandit lacinia erat vestibulum sed magna at nunc commodo placerat praesent blandit nam nulla,4/16/2014
330,Carol,duis at velit eu est congue elementum in hac habitasse platea dictumst,5/9/2014
331,Steve,augue vestibulum rutrum rutrum neque aenean auctor gravida sem praesent id massa id,8/28/2014
332,Paula,sodales sed tincidunt eu felis fusce posuere felis sed lacus,8/10/2014
333,Catherine,eros elementum pellentesque quisque porta volutpat erat quisque erat eros viverra eget congue eget semper rutrum,7/15/2014
334,Philip,cubilia curae duis faucibus accumsan odio curabitur convallis duis consequat dui nec nisi volutpat eleifend,9/21/2014
335,Raymond,in hac habitasse platea dictumst aliquam augue quam sollicitudin vitae consectetuer eget rutrum at lorem integer,2/2/2014
336,Joseph,id nulla ultrices aliquet maecenas leo odio condimentum id luctus nec molestie sed justo,1/18/2014
337,Lois,rhoncus mauris enim leo rhoncus sed vestibulum sit amet cursus id turpis integer aliquet massa id lobortis,6/3/2014
338,Robin,accumsan tellus nisi eu orci mauris lacinia sapien quis libero nullam sit amet turpis elementum ligula vehicula consequat,7/29/2014
339,Wanda,sapien urna pretium nisl ut volutpat sapien arcu sed augue aliquam erat volutpat in,10/9/2013
340,Sandra,volutpat quam pede lobortis ligula sit amet eleifend pede libero quis,8/14/2014
341,Walter,ut suscipit a feugiat et eros vestibulum ac est lacinia nisi venenatis tristique fusce congue diam id ornare imperdiet,6/1/2014
342,Jimmy,semper rutrum nulla nunc purus phasellus in felis donec semper sapien a libero nam dui proin leo,12/2/2013
343,Lisa,pellentesque eget nunc donec quis orci eget orci vehicula condimentum curabitur,7/20/2014
344,Annie,quis orci nullam molestie nibh in lectus pellentesque at nulla suspendisse potenti cras in purus eu magna vulputate luctus cum,5/12/2014
345,Rachel,accumsan odio curabitur convallis duis consequat dui nec nisi volutpat eleifend donec ut dolor morbi vel lectus in,10/29/2013
346,Michelle,condimentum curabitur in libero ut massa volutpat convallis morbi odio odio elementum eu interdum eu tincidunt in leo,10/18/2013
347,Nancy,arcu adipiscing molestie hendrerit at vulputate vitae nisl aenean lectus pellentesque eget nunc donec quis orci eget,9/18/2014
348,Gary,cubilia curae mauris viverra diam vitae quam suspendisse potenti nullam porttitor lacus at turpis donec posuere metus vitae,12/5/2013
349,Brian,parturient montes nascetur ridiculus mus etiam vel augue vestibulum rutrum rutrum neque aenean auctor gravida sem praesent id,2/5/2014
350,Steve,convallis eget eleifend luctus ultricies eu nibh quisque id justo sit amet,5/26/2014
351,Katherine,ut tellus nulla ut erat id mauris vulputate elementum nullam varius,3/24/2014
352,Peter,eget massa tempor convallis nulla neque libero convallis eget eleifend luctus ultricies eu nibh quisque id justo sit,3/31/2014
353,Martin,felis sed interdum venenatis turpis enim blandit mi in porttitor pede justo eu massa donec dapibus duis at velit eu,8/31/2014
354,Jonathan,a feugiat et eros vestibulum ac est lacinia nisi venenatis tristique fusce congue diam id ornare imperdiet sapien urna,11/22/2013
355,Eugene,et ultrices posuere cubilia curae duis faucibus accumsan odio curabitur,6/15/2014
356,Mark,feugiat et eros vestibulum ac est lacinia nisi venenatis tristique fusce congue diam id ornare imperdiet,10/11/2013
357,Benjamin,amet sem fusce consequat nulla nisl nunc nisl duis bibendum felis,1/30/2014
358,Doris,amet justo morbi ut odio cras mi pede malesuada in imperdiet et commodo vulputate,6/25/2014
359,Arthur,erat vestibulum sed magna at nunc commodo placerat praesent blandit nam nulla integer,10/22/2013
360,Timothy,facilisi cras non velit nec nisi vulputate nonummy maecenas tincidunt lacus at velit vivamus,6/14/2014
361,Rebecca,velit vivamus vel nulla eget eros elementum pellentesque quisque porta volutpat erat quisque erat eros viverra eget congue,11/15/2013
362,Jesse,montes nascetur ridiculus mus etiam vel augue vestibulum rutrum rutrum neque aenean auctor gravida sem praesent,8/3/2014
363,Charles,iaculis diam erat fermentum justo nec condimentum neque sapien placerat ante nulla justo aliquam quis turpis,5/2/2014
364,Laura,fusce posuere felis sed lacus morbi sem mauris laoreet ut,2/19/2014
365,Jessica,fermentum justo nec condimentum neque sapien placerat ante nulla justo aliquam quis turpis eget elit,2/21/2014
366,Paul,vitae quam suspendisse potenti nullam porttitor lacus at turpis donec posuere,8/14/2014
367,Benjamin,convallis nunc proin at turpis a pede posuere nonummy integer non velit donec diam neque vestibulum eget vulputate ut,9/30/2014
368,Christine,mi sit amet lobortis sapien sapien non mi integer ac neque duis bibendum,1/5/2014
369,Michelle,nulla sed vel enim sit amet nunc viverra dapibus nulla suscipit ligula in lacus curabitur,6/23/2014
370,Debra,enim blandit mi in porttitor pede justo eu massa donec dapibus duis at velit eu est congue,3/15/2014
371,Todd,donec ut mauris eget massa tempor convallis nulla neque libero convallis eget eleifend,4/8/2014
372,Jacqueline,a suscipit nulla elit ac nulla sed vel enim sit amet nunc viverra dapibus nulla suscipit ligula in,3/6/2014
373,Nicole,mi pede malesuada in imperdiet et commodo vulputate justo in blandit ultrices enim lorem ipsum dolor sit amet,10/16/2014
374,Christopher,justo maecenas rhoncus aliquam lacus morbi quis tortor id nulla ultrices aliquet maecenas leo odio condimentum id luctus nec molestie,6/17/2014
375,Aaron,ac leo pellentesque ultrices mattis odio donec vitae nisi nam ultrices libero non mattis pulvinar nulla pede,3/10/2014
376,Dorothy,habitasse platea dictumst morbi vestibulum velit id pretium iaculis diam erat fermentum justo nec condimentum neque sapien placerat,11/12/2013
377,Dorothy,erat vestibulum sed magna at nunc commodo placerat praesent blandit,6/19/2014
378,Teresa,ultrices phasellus id sapien in sapien iaculis congue vivamus metus arcu adipiscing molestie hendrerit at,12/29/2013
379,Karen,libero non mattis pulvinar nulla pede ullamcorper augue a suscipit nulla elit ac,9/18/2014
380,Irene,quam fringilla rhoncus mauris enim leo rhoncus sed vestibulum sit amet cursus id turpis integer aliquet,9/20/2014
381,Julia,justo lacinia eget tincidunt eget tempus vel pede morbi porttitor lorem id ligula suspendisse ornare consequat lectus in est,12/10/2013
382,Justin,sed vel enim sit amet nunc viverra dapibus nulla suscipit ligula in lacus curabitur at,4/26/2014
383,Virginia,vivamus vestibulum sagittis sapien cum sociis natoque penatibus et magnis dis parturient montes nascetur,9/29/2014
384,Bonnie,turpis integer aliquet massa id lobortis convallis tortor risus dapibus augue vel accumsan tellus nisi eu orci mauris,3/14/2014
385,Ronald,est phasellus sit amet erat nulla tempus vivamus in felis eu sapien,4/27/2014
386,Deborah,pede justo lacinia eget tincidunt eget tempus vel pede morbi porttitor lorem id ligula suspendisse ornare consequat,2/8/2014
387,Harry,in congue etiam justo etiam pretium iaculis justo in hac habitasse platea dictumst,3/1/2014
388,Judy,non interdum in ante vestibulum ante ipsum primis in faucibus orci luctus et ultrices,3/8/2014
389,Jonathan,erat volutpat in congue etiam justo etiam pretium iaculis justo,4/25/2014
390,Jimmy,a feugiat et eros vestibulum ac est lacinia nisi venenatis tristique,5/23/2014
391,Juan,non velit nec nisi vulputate nonummy maecenas tincidunt lacus at velit vivamus vel nulla eget,10/30/2013
392,Annie,et ultrices posuere cubilia curae mauris viverra diam vitae quam suspendisse potenti nullam porttitor,1/1/2014
393,Fred,hac habitasse platea dictumst etiam faucibus cursus urna ut tellus nulla ut erat id,8/31/2014
394,Brandon,primis in faucibus orci luctus et ultrices posuere cubilia curae nulla dapibus dolor vel est donec odio justo sollicitudin,6/29/2014
395,Ronald,fringilla rhoncus mauris enim leo rhoncus sed vestibulum sit amet cursus id turpis integer aliquet massa id lobortis convallis tortor,10/10/2013
396,Kimberly,massa id nisl venenatis lacinia aenean sit amet justo morbi ut odio,11/26/2013
397,Michael,in faucibus orci luctus et ultrices posuere cubilia curae donec pharetra magna vestibulum aliquet ultrices erat tortor sollicitudin mi sit,5/6/2014
398,Matthew,lacinia sapien quis libero nullam sit amet turpis elementum ligula vehicula consequat morbi a ipsum integer a nibh in quis,4/17/2014
399,Bonnie,pede morbi porttitor lorem id ligula suspendisse ornare consequat lectus in est risus,8/20/2014
400,Denise,lacus at velit vivamus vel nulla eget eros elementum pellentesque quisque porta volutpat erat quisque erat eros viverra,9/17/2014
401,Ruby,in blandit ultrices enim lorem ipsum dolor sit amet consectetuer adipiscing,2/28/2014
402,Kelly,diam in magna bibendum imperdiet nullam orci pede venenatis non sodales sed tincidunt eu felis fusce posuere felis sed,9/27/2014
403,Jack,suspendisse potenti nullam porttitor lacus at turpis donec posuere metus vitae ipsum,9/11/2014
404,Heather,potenti nullam porttitor lacus at turpis donec posuere metus vitae ipsum aliquam,10/2/2014
405,Jeremy,duis at velit eu est congue elementum in hac habitasse platea dictumst morbi vestibulum velit,11/3/2013
406,Randy,nulla suscipit ligula in lacus curabitur at ipsum ac tellus semper interdum mauris ullamcorper purus,3/19/2014
407,Carl,curabitur at ipsum ac tellus semper interdum mauris ullamcorper purus sit amet nulla,7/17/2014
408,Donald,nullam porttitor lacus at turpis donec posuere metus vitae ipsum aliquam non mauris morbi non,8/9/2014
409,Jane,lacus purus aliquet at feugiat non pretium quis lectus suspendisse potenti in,7/22/2014
410,Antonio,a ipsum integer a nibh in quis justo maecenas rhoncus aliquam,1/25/2014
411,Gerald,proin at turpis a pede posuere nonummy integer non velit donec,1/1/2014
412,Jean,sed lacus morbi sem mauris laoreet ut rhoncus aliquet pulvinar sed nisl nunc,10/6/2013
413,Chris,vivamus metus arcu adipiscing molestie hendrerit at vulputate vitae nisl,6/12/2014
414,Harold,ullamcorper augue a suscipit nulla elit ac nulla sed vel enim sit,11/26/2013
415,Arthur,sagittis dui vel nisl duis ac nibh fusce lacus purus aliquet at feugiat non,11/29/2013
416,Sean,amet lobortis sapien sapien non mi integer ac neque duis bibendum,12/18/2013
417,Brian,orci luctus et ultrices posuere cubilia curae donec pharetra magna vestibulum aliquet ultrices erat,6/2/2014
418,Sean,phasellus id sapien in sapien iaculis congue vivamus metus arcu adipiscing molestie hendrerit at vulputate vitae,11/8/2013
419,Gerald,turpis eget elit sodales scelerisque mauris sit amet eros suspendisse accumsan tortor quis turpis,11/16/2013
420,Lisa,sit amet erat nulla tempus vivamus in felis eu sapien cursus vestibulum proin eu mi nulla ac enim in,9/24/2014
421,Brandon,vestibulum ante ipsum primis in faucibus orci luctus et ultrices posuere cubilia curae duis,12/25/2013
422,Adam,integer tincidunt ante vel ipsum praesent blandit lacinia erat vestibulum sed magna at nunc commodo placerat praesent blandit,10/22/2013
423,Robin,sed augue aliquam erat volutpat in congue etiam justo etiam pretium iaculis justo in hac habitasse platea dictumst,9/14/2014
424,Amanda,tempus vel pede morbi porttitor lorem id ligula suspendisse ornare consequat,7/25/2014
425,Cynthia,curae nulla dapibus dolor vel est donec odio justo sollicitudin ut,2/18/2014
426,Steven,massa volutpat convallis morbi odio odio elementum eu interdum eu tincidunt in leo maecenas pulvinar lobortis,4/18/2014
427,Patricia,id sapien in sapien iaculis congue vivamus metus arcu adipiscing,7/16/2014
428,Christopher,condimentum id luctus nec molestie sed justo pellentesque viverra pede ac diam cras pellentesque volutpat dui maecenas tristique est,12/3/2013
429,Scott,lacus morbi sem mauris laoreet ut rhoncus aliquet pulvinar sed nisl nunc rhoncus dui,11/24/2013
430,Brandon,mauris sit amet eros suspendisse accumsan tortor quis turpis sed ante vivamus tortor duis mattis egestas metus aenean fermentum,3/24/2014
431,Teresa,suscipit nulla elit ac nulla sed vel enim sit amet nunc viverra dapibus nulla suscipit,4/12/2014
432,Rose,enim lorem ipsum dolor sit amet consectetuer adipiscing elit proin interdum mauris non ligula pellentesque ultrices phasellus,4/6/2014
433,Donald,a suscipit nulla elit ac nulla sed vel enim sit amet nunc viverra dapibus nulla suscipit ligula in lacus curabitur,10/20/2014
434,William,pretium quis lectus suspendisse potenti in eleifend quam a odio in hac,5/10/2014
435,Louise,donec posuere metus vitae ipsum aliquam non mauris morbi non lectus aliquam sit amet diam in magna bibendum imperdiet,7/12/2014
436,Brian,quis turpis sed ante vivamus tortor duis mattis egestas metus aenean fermentum donec,12/25/2013
437,Ashley,parturient montes nascetur ridiculus mus vivamus vestibulum sagittis sapien cum sociis natoque,8/1/2014
438,Nicole,luctus et ultrices posuere cubilia curae donec pharetra magna vestibulum aliquet ultrices erat tortor sollicitudin mi sit amet lobortis sapien,5/25/2014
439,Angela,duis bibendum morbi non quam nec dui luctus rutrum nulla tellus in sagittis dui vel nisl duis ac nibh fusce,5/16/2014
440,Daniel,luctus cum sociis natoque penatibus et magnis dis parturient montes nascetur ridiculus mus vivamus vestibulum sagittis sapien,5/28/2014
441,George,purus eu magna vulputate luctus cum sociis natoque penatibus et magnis dis parturient montes,5/3/2014
442,Bobby,pellentesque ultrices mattis odio donec vitae nisi nam ultrices libero non mattis,10/14/2013
443,Nicholas,duis aliquam convallis nunc proin at turpis a pede posuere nonummy integer non,9/16/2014
444,Alan,lobortis ligula sit amet eleifend pede libero quis orci nullam molestie nibh in lectus pellentesque at nulla suspendisse,5/6/2014
445,Nancy,sed lacus morbi sem mauris laoreet ut rhoncus aliquet pulvinar,5/25/2014
446,Ronald,volutpat erat quisque erat eros viverra eget congue eget semper rutrum nulla nunc purus phasellus,10/24/2013
447,Joe,nulla dapibus dolor vel est donec odio justo sollicitudin ut suscipit a feugiat et eros vestibulum,12/22/2013
448,Michael,diam erat fermentum justo nec condimentum neque sapien placerat ante nulla justo aliquam quis turpis eget elit sodales scelerisque mauris,10/17/2014
449,Carol,porttitor id consequat in consequat ut nulla sed accumsan felis ut at dolor quis odio consequat varius integer ac,5/25/2014
450,Sharon,risus semper porta volutpat quam pede lobortis ligula sit amet eleifend pede libero quis orci nullam molestie nibh,12/23/2013
451,Andrea,semper sapien a libero nam dui proin leo odio porttitor id consequat in consequat ut,12/4/2013
452,Phillip,in eleifend quam a odio in hac habitasse platea dictumst maecenas,10/4/2013
453,Christine,mauris lacinia sapien quis libero nullam sit amet turpis elementum ligula vehicula consequat morbi,11/25/2013
454,Alan,massa volutpat convallis morbi odio odio elementum eu interdum eu tincidunt in leo maecenas pulvinar,6/11/2014
455,Carol,non mi integer ac neque duis bibendum morbi non quam nec dui luctus rutrum nulla tellus in sagittis dui,10/12/2013
456,Billy,luctus ultricies eu nibh quisque id justo sit amet sapien dignissim vestibulum vestibulum ante ipsum primis,2/26/2014
457,Raymond,est donec odio justo sollicitudin ut suscipit a feugiat et eros vestibulum,10/11/2013
458,Randy,accumsan tortor quis turpis sed ante vivamus tortor duis mattis egestas metus aenean fermentum donec ut,12/1/2013
459,Matthew,in felis donec semper sapien a libero nam dui proin leo odio porttitor id consequat in consequat ut nulla sed,10/6/2014
460,Cynthia,risus dapibus augue vel accumsan tellus nisi eu orci mauris lacinia sapien quis,9/15/2014
461,Nicole,commodo placerat praesent blandit nam nulla integer pede justo lacinia eget tincidunt eget tempus vel pede morbi porttitor lorem,7/21/2014
462,Stephen,sodales scelerisque mauris sit amet eros suspendisse accumsan tortor quis turpis sed ante,4/16/2014
463,Benjamin,integer pede justo lacinia eget tincidunt eget tempus vel pede morbi porttitor lorem id ligula,6/29/2014
464,Tina,blandit non interdum in ante vestibulum ante ipsum primis in faucibus orci luctus et ultrices posuere cubilia curae duis,1/6/2014
465,Eugene,accumsan odio curabitur convallis duis consequat dui nec nisi volutpat eleifend,12/1/2013
466,Gloria,faucibus orci luctus et ultrices posuere cubilia curae nulla dapibus dolor vel est donec odio justo sollicitudin ut suscipit,9/17/2014
467,Sharon,nam nulla integer pede justo lacinia eget tincidunt eget tempus vel pede morbi porttitor lorem id ligula suspendisse,5/27/2014
468,Edward,posuere felis sed lacus morbi sem mauris laoreet ut rhoncus aliquet pulvinar sed nisl nunc rhoncus dui,6/2/2014
469,Brandon,molestie lorem quisque ut erat curabitur gravida nisi at nibh in hac habitasse platea dictumst aliquam,10/19/2014
470,David,vestibulum ante ipsum primis in faucibus orci luctus et ultrices posuere cubilia curae duis,8/28/2014
471,Steve,odio elementum eu interdum eu tincidunt in leo maecenas pulvinar lobortis est,5/20/2014
472,Steve,vestibulum aliquet ultrices erat tortor sollicitudin mi sit amet lobortis sapien sapien non mi integer ac neque duis bibendum morbi,3/30/2014
473,Raymond,nisi eu orci mauris lacinia sapien quis libero nullam sit amet turpis elementum ligula,7/12/2014
474,Stephanie,suscipit ligula in lacus curabitur at ipsum ac tellus semper interdum mauris ullamcorper purus sit,1/14/2014
475,Frank,nulla eget eros elementum pellentesque quisque porta volutpat erat quisque erat eros,10/16/2014
476,Joseph,blandit non interdum in ante vestibulum ante ipsum primis in,3/3/2014
477,Anne,suspendisse potenti nullam porttitor lacus at turpis donec posuere metus vitae ipsum aliquam non mauris morbi non lectus aliquam,10/4/2013
478,Ruth,venenatis lacinia aenean sit amet justo morbi ut odio cras mi pede malesuada in imperdiet et commodo vulputate,4/10/2014
479,Jose,ultrices mattis odio donec vitae nisi nam ultrices libero non mattis pulvinar nulla pede ullamcorper augue a suscipit nulla,8/25/2014
480,Jeremy,quam a odio in hac habitasse platea dictumst maecenas ut massa quis augue luctus tincidunt nulla,2/22/2014
481,Robin,nisl aenean lectus pellentesque eget nunc donec quis orci eget orci vehicula condimentum curabitur in libero ut massa volutpat convallis,9/6/2014
482,Juan,in tempor turpis nec euismod scelerisque quam turpis adipiscing lorem vitae mattis nibh ligula nec sem duis,1/19/2014
483,Julia,viverra dapibus nulla suscipit ligula in lacus curabitur at ipsum ac tellus semper interdum mauris,9/7/2014
484,Louis,maecenas tincidunt lacus at velit vivamus vel nulla eget eros elementum pellentesque quisque porta,8/21/2014
485,Carol,elementum ligula vehicula consequat morbi a ipsum integer a nibh in quis justo maecenas rhoncus aliquam lacus morbi quis,11/20/2013
486,Sandra,in porttitor pede justo eu massa donec dapibus duis at velit,8/11/2014
487,Marilyn,ligula pellentesque ultrices phasellus id sapien in sapien iaculis congue vivamus metus arcu adipiscing molestie hendrerit at,8/20/2014
488,Amanda,ac leo pellentesque ultrices mattis odio donec vitae nisi nam ultrices libero non mattis pulvinar nulla pede ullamcorper augue,6/27/2014
489,Arthur,faucibus orci luctus et ultrices posuere cubilia curae mauris viverra diam vitae quam,10/12/2013
490,Michelle,et ultrices posuere cubilia curae mauris viverra diam vitae quam suspendisse potenti nullam porttitor lacus at turpis,11/5/2013
491,Randy,nisi vulputate nonummy maecenas tincidunt lacus at velit vivamus vel nulla eget eros elementum pellentesque quisque porta volutpat erat,11/14/2013
492,Patrick,varius ut blandit non interdum in ante vestibulum ante ipsum primis in faucibus orci luctus et ultrices,4/5/2014
493,Paula,natoque penatibus et magnis dis parturient montes nascetur ridiculus mus,4/7/2014
494,Wayne,eu orci mauris lacinia sapien quis libero nullam sit amet turpis,4/6/2014
495,Donald,pede malesuada in imperdiet et commodo vulputate justo in blandit ultrices enim lorem ipsum dolor sit amet consectetuer adipiscing elit,10/11/2014
496,Eric,pharetra magna vestibulum aliquet ultrices erat tortor sollicitudin mi sit amet lobortis sapien sapien non mi integer ac,5/12/2014
497,William,nibh quisque id justo sit amet sapien dignissim vestibulum vestibulum ante ipsum primis in faucibus orci,6/28/2014
498,Jessica,quisque erat eros viverra eget congue eget semper rutrum nulla nunc purus phasellus in felis donec semper sapien,3/8/2014
499,Julia,mi sit amet lobortis sapien sapien non mi integer ac neque duis bibendum morbi non quam,7/16/2014
500,Jeremy,turpis adipiscing lorem vitae mattis nibh ligula nec sem duis aliquam convallis,5/5/2014
501,Kathryn,tincidunt eget tempus vel pede morbi porttitor lorem id ligula suspendisse ornare consequat,11/21/2013
502,Annie,eget nunc donec quis orci eget orci vehicula condimentum curabitur in libero ut massa volutpat convallis morbi odio odio elementum,8/8/2014
503,Ryan,posuere cubilia curae duis faucibus accumsan odio curabitur convallis duis,9/19/2014
504,Rebecca,ac leo pellentesque ultrices mattis odio donec vitae nisi nam ultrices libero non mattis pulvinar nulla pede,9/16/2014
505,Brandon,pulvinar lobortis est phasellus sit amet erat nulla tempus vivamus in felis eu sapien cursus vestibulum proin eu mi,7/31/2014
506,Lois,dolor vel est donec odio justo sollicitudin ut suscipit a feugiat et eros vestibulum ac est lacinia,3/13/2014
507,Mark,velit nec nisi vulputate nonummy maecenas tincidunt lacus at velit vivamus vel nulla eget eros elementum,4/7/2014
508,Elizabeth,nulla dapibus dolor vel est donec odio justo sollicitudin ut suscipit a feugiat et eros vestibulum,4/26/2014
509,Ann,id sapien in sapien iaculis congue vivamus metus arcu adipiscing molestie hendrerit at vulputate vitae,11/5/2013
510,Diane,vivamus vestibulum sagittis sapien cum sociis natoque penatibus et magnis dis parturient,10/7/2013
511,Joe,aliquam non mauris morbi non lectus aliquam sit amet diam in magna bibendum imperdiet,5/15/2014
512,Jerry,quam sollicitudin vitae consectetuer eget rutrum at lorem integer tincidunt ante vel ipsum,4/4/2014
513,Ann,cubilia curae duis faucibus accumsan odio curabitur convallis duis consequat dui nec nisi volutpat eleifend donec ut dolor morbi vel,4/25/2014
514,Phyllis,orci mauris lacinia sapien quis libero nullam sit amet turpis elementum ligula vehicula consequat morbi a ipsum,9/23/2014
515,Gary,ante vel ipsum praesent blandit lacinia erat vestibulum sed magna at nunc commodo placerat praesent blandit nam nulla integer,9/7/2014
516,Emily,eget tincidunt eget tempus vel pede morbi porttitor lorem id,10/24/2013
517,Craig,eu orci mauris lacinia sapien quis libero nullam sit amet turpis elementum ligula vehicula consequat morbi a ipsum,7/22/2014
518,Shawn,ut massa volutpat convallis morbi odio odio elementum eu interdum eu tincidunt in leo maecenas,3/15/2014
519,Keith,tincidunt lacus at velit vivamus vel nulla eget eros elementum pellentesque quisque porta volutpat erat,11/10/2013
520,Catherine,non mattis pulvinar nulla pede ullamcorper augue a suscipit nulla elit ac nulla sed vel enim sit amet nunc,12/25/2013
521,Lori,at nunc commodo placerat praesent blandit nam nulla integer pede justo lacinia eget tincidunt,3/24/2014
522,Anna,natoque penatibus et magnis dis parturient montes nascetur ridiculus mus,6/4/2014
523,Philip,nunc commodo placerat praesent blandit nam nulla integer pede justo lacinia eget,10/14/2014
524,Rachel,sapien dignissim vestibulum vestibulum ante ipsum primis in faucibus orci luctus et,9/7/2014
525,Donna,tincidunt lacus at velit vivamus vel nulla eget eros elementum pellentesque quisque porta volutpat erat quisque erat eros viverra,12/12/2013
526,Gary,quam pharetra magna ac consequat metus sapien ut nunc vestibulum ante ipsum,11/14/2013
527,Kathy,in hac habitasse platea dictumst morbi vestibulum velit id pretium iaculis diam erat fermentum justo,2/12/2014
528,Alice,quisque erat eros viverra eget congue eget semper rutrum nulla,10/22/2013
529,Helen,diam neque vestibulum eget vulputate ut ultrices vel augue vestibulum ante ipsum primis in faucibus orci luctus,4/17/2014
530,Kathryn,maecenas ut massa quis augue luctus tincidunt nulla mollis molestie lorem quisque ut erat curabitur,12/29/2013
531,Gregory,orci mauris lacinia sapien quis libero nullam sit amet turpis elementum ligula vehicula consequat morbi a,6/22/2014
532,Pamela,pretium nisl ut volutpat sapien arcu sed augue aliquam erat volutpat in congue etiam justo,11/19/2013
533,Steven,est donec odio justo sollicitudin ut suscipit a feugiat et eros vestibulum ac est lacinia nisi venenatis tristique,10/17/2013
534,Sean,dui vel nisl duis ac nibh fusce lacus purus aliquet at,12/26/2013
535,Mary,pellentesque at nulla suspendisse potenti cras in purus eu magna vulputate,11/19/2013
536,Maria,ultrices enim lorem ipsum dolor sit amet consectetuer adipiscing elit proin interdum mauris,12/31/2013
537,Benjamin,velit id pretium iaculis diam erat fermentum justo nec condimentum neque sapien placerat ante nulla justo aliquam quis turpis eget,12/13/2013
538,Lisa,vitae ipsum aliquam non mauris morbi non lectus aliquam sit amet diam in magna bibendum imperdiet nullam orci pede venenatis,4/12/2014
539,Denise,cras in purus eu magna vulputate luctus cum sociis natoque penatibus et magnis,8/14/2014
540,Fred,vulputate justo in blandit ultrices enim lorem ipsum dolor sit amet consectetuer adipiscing elit,11/20/2013
541,Tina,penatibus et magnis dis parturient montes nascetur ridiculus mus vivamus,10/10/2014
542,Joyce,quam turpis adipiscing lorem vitae mattis nibh ligula nec sem duis,7/5/2014
543,Timothy,amet consectetuer adipiscing elit proin interdum mauris non ligula pellentesque ultrices phasellus id,1/13/2014
